yaml_file,source_file,recipe_name,category,tags
wc-kitchen.15-minute-miso-soup-with-greens-and-tofu.yaml,PXL_20260523_110922779.RAW-01.COVER.jpg,15-Minute Miso Soup with Greens and Tofu,Appetizer; Entrée; Side,Gluten-Free; Japanese-Inspired; Vegan
wc-kitchen.30-minute-dairy-free-potato-soup.yaml,PXL_20260523_110437165.RAW-01.COVER.jpg,30 Minute Dairy Free Potato Soup,soup,dairy-free; gluten-free; Whole30; potato soup
wc-kitchen.actually-delicious-turkey-burgers.yaml,PXL_20260523_111024790.RAW-01.COVER.jpg,Actually Delicious Turkey Burgers,main dish,turkey; burgers; ground turkey
wc-kitchen.all-purpose-thai-basil-sauce.yaml,PXL_20260523_105852946.RAW-01.COVER.jpg,All-Purpose Thai Basil Sauce,Sauces,Thai; basil; stir fry; pantry staples
wc-kitchen.bacon-onion-tart.yaml,PXL_20260523_105822013.RAW-01.COVER.jpg,Bacon Onion Tart,,
wc-kitchen.bacon-shrimp-sweet-potatoes.yaml,PXL_20260523_105820663.RAW-01.COVER.jpg,Bacon-Shrimp Sweet Potatoes,,
wc-kitchen.baked-acorn-squash-with-butter-and-brown-sugar.yaml,PXL_20260523_110034702.RAW-01.COVER.jpg,Baked Acorn Squash with Butter and Brown Sugar,,squash; fall; side dish; vegetarian
wc-kitchen.baked-oatmeal-with-cranberries-and-almonds.yaml,PXL_20260523_110216005.RAW-01.COVER.jpg,Baked Oatmeal With Cranberries and Almonds,breakfast,baked oatmeal; cranberry; almond; make-ahead; whole grain
wc-kitchen.ball-realfruit-low-or-no-sugar-jam.yaml,PXL_20260523_111129429.RAW-01.COVER.jpg,Ball RealFruit Low or No-Sugar Jam (Scaling Reference Table),preserve,jam; canning; low-sugar; no-sugar; Ball RealFruit pectin; scaling table
wc-kitchen.beef-barley-soup.yaml,PXL_20260523_110719176.RAW-01.COVER.jpg,Beef Barley Soup,,
wc-kitchen.beef-bolognese-with-parsnips.yaml,PXL_20260523_105827260.RAW-01.COVER.jpg,Beef Bolognese with Parsnips,,
wc-kitchen.beef-brisket.yaml,PXL_20260523_110303451.RAW-01.COVER.jpg,Beef Brisket,,
wc-kitchen.beer-batter-fish.yaml,PXL_20260523_105816681.RAW-01.COVER.jpg,Beer Batter Fish,,
wc-kitchen.beginners-guide-to-french-macarons.yaml,PXL_20260523_110554041.RAW-01.COVER.jpg,Beginner's Guide to French Macarons,"dessert, cookie",french macarons; macarons; almond flour; meringue
wc-kitchen.best-bean-salad.yaml,PXL_20260523_110106862.RAW-01.COVER.jpg,Best Bean Salad,salad,bean salad; three-bean salad; make-ahead; vegetarian
wc-kitchen.binder-index-page-1.yaml,PXL_20260523_105726450.RAW-01.COVER.jpg,Binder Index (page 1),,
wc-kitchen.binder-index.yaml,PXL_20260523_105730146.RAW-01.COVER.jpg,Binder Index (page 2),,
wc-kitchen.black-bean-and-corn-salad-ii.yaml,PXL_20260523_110110860.RAW-01.COVER.jpg,Black Bean and Corn Salad II,salad,black bean; corn; vegetarian; lime dressing
wc-kitchen.black-bean-soup.yaml,PXL_20260523_110839236.RAW-01.COVER.jpg,Black Bean Soup,Soup,black bean; vegetarian; Mexican; easy
wc-kitchen.blackened-mahi-mahi.yaml,PXL_20260523_110455496.RAW-01.COVER.jpg,Blackened Mahi Mahi,seafood,blackened; mahi mahi; cajun; fish; quick
wc-kitchen.bratkartoffeln.yaml,PXL_20260523_105734494.RAW-01.MP.COVER.jpg,Bratkartoffeln,side dish,
wc-kitchen.broccoli-cheese-soup.yaml,PXL_20260523_110723711.RAW-01.COVER.jpg,Broccoli Cheese Soup,,
wc-kitchen.brussels-sprout-salad-with-maple-vinaigrette.yaml,PXL_20260523_110104931.RAW-01.COVER.jpg,Brussels Sprout Salad with Maple Vinaigrette,,
wc-kitchen.cabbage-soup.yaml,PXL_20260523_105938125.RAW-01.COVER.jpg,Cabbage Soup,,
wc-kitchen.candied-sweet-potatoes.yaml,PXL_20260523_110038901.RAW-01.COVER.jpg,Candied Sweet Potatoes,,
wc-kitchen.chana-masala.yaml,PXL_20260523_105832640.RAW-01.COVER.jpg,Chana Masala,,
wc-kitchen.chicken-and-vegetable-pot-pie.yaml,PXL_20260523_105807041.RAW-01.COVER.jpg,Chicken & Vegetable Pot Pie,,
wc-kitchen.chicken-and-veggie-enchiladas.yaml,PXL_20260523_105812482.RAW-01.COVER.jpg,Chicken & Veggie Enchiladas,,
wc-kitchen.chicken-katsu-recipe.yaml,PXL_20260523_110745738.RAW-01.COVER.jpg,Chicken Katsu Recipe,,
wc-kitchen.chicken-soup.yaml,PXL_20260523_110005052.RAW-01.COVER.jpg,Chicken Soup,soup,soup; chicken
wc-kitchen.chicken-tikka-masala.yaml,PXL_20260523_105800555.RAW-01.COVER.jpg,Chicken Tikka Masala,,
wc-kitchen.chicken-with-creamy-mushroom-sauce.yaml,PXL_20260523_110206301.RAW-01.COVER.jpg,Chicken with Creamy Mushroom Sauce,Mains,chicken; mushroom sauce; creamy sauce; western
wc-kitchen.chili-recipe.yaml,PXL_20260523_105954549.RAW-01.COVER.jpg,Chili Recipe (Vegetarian),,vegetarian; chili; slow cooker
wc-kitchen.chocolate-biscotti.yaml,PXL_20260523_111107474.RAW-01.COVER.jpg,Chocolate Biscotti,"Breakfast, cookie, Dessert",Italian; chocolate; biscotti
wc-kitchen.chocolate-olive-oil-cake.yaml,PXL_20260523_110525360.RAW-01.COVER.jpg,Chocolate Olive Oil Cake,dessert,cake; chocolate; vegan
wc-kitchen.corn-chowder.yaml,PXL_20260523_105939515.RAW-01.COVER.jpg,Corn Chowder,soup,
wc-kitchen.corn-quesadillas.yaml,PXL_20260523_105748153.RAW-01.COVER.jpg,Corn Quesadillas,,
wc-kitchen.couscous-feta-salad.yaml,PXL_20260523_110112441.RAW-01.COVER.jpg,Couscous Feta Salad,,
wc-kitchen.crab-salad.yaml,PXL_20260523_110501306.RAW-01.COVER.jpg,Crab Salad (Seafood Salad),Salad,crab; seafood; American; no-cook
wc-kitchen.creamy-broccoli-pasta.yaml,PXL_20260523_105903933.RAW-01.COVER.jpg,Creamy Broccoli Pasta,,
wc-kitchen.creamy-gnocchi-with-sun-dried-tomatoes.yaml,PXL_20260523_105927231.RAW-01.COVER.jpg,Creamy Gnocchi with Sun-Dried Tomatoes,,
wc-kitchen.creamy-sriracha-mayo-recipe.yaml,PXL_20260523_111055573.RAW-01.COVER.jpg,Creamy Sriracha Mayo Recipe,"Appetizer, sauce",recipe; sauce; spicy; sriracha
wc-kitchen.creamy-tomato-soup.yaml,PXL_20260523_105942465.RAW-01.COVER.jpg,Creamy Tomato Soup,,
wc-kitchen.creamy-tortellini-soup.yaml,PXL_20260523_110529376.RAW-01.COVER.jpg,Creamy Tortellini Soup,soup,weeknight; tortellini; sausage; kale; creamy
wc-kitchen.crispy-slow-cooker-carnitas.yaml,PXL_20260523_105828801.RAW-01.MP.COVER.jpg,Crispy Slow Cooker Carnitas,,
wc-kitchen.cucumber-salad.yaml,PXL_20260523_110050572.RAW-01.COVER.jpg,Cucumber Salad,,
wc-kitchen.curried-chicken-salad.yaml,PXL_20260523_105755183.RAW-01.COVER.jpg,Curried Chicken Salad,,
wc-kitchen.dairy-free-quiche-lorraine.yaml,PXL_20260523_110701103.RAW-01.COVER.jpg,Dairy Free Quiche Lorraine,Breakfast,dairy-free; quiche; French; brunch
wc-kitchen.davids-chicken-and-mushrooms.yaml,PXL_20260523_105738510.RAW-01.COVER.jpg,David's Chicken & Mushrooms,,
wc-kitchen.dumpling-noodle-soup.yaml,PXL_20260523_110821899.RAW-01.COVER.jpg,Dumpling Noodle Soup,,
wc-kitchen.easy-broccoli-quiche.yaml,PXL_20260523_110657091.RAW-01.COVER.jpg,Easy Broccoli Quiche,quiche,vegetarian; broccoli; quiche; easy
wc-kitchen.easy-pad-thai.yaml,PXL_20260523_110807056.RAW-01.COVER.jpg,Easy Pad Thai,Main,pad thai; Thai; noodles
wc-kitchen.easy-slow-cooker-beef-stew.yaml,PXL_20260523_110128336.RAW-01.COVER.jpg,Easy Slow Cooker Beef Stew,,
wc-kitchen.everyday-instant-pot-dal.yaml,PXL_20260523_111039285.RAW-01.COVER.jpg,Everyday Instant Pot Dal,,
wc-kitchen.fluffy-almond-flour-pancakes.yaml,PXL_20260523_111052575.RAW-01.COVER.jpg,Fluffy Almond Flour Pancakes,Breakfast,
wc-kitchen.french-macarons.yaml,PXL_20260523_110546623.RAW-01.COVER.jpg,French Macarons,,
wc-kitchen.ginger-pork-lettuce-wraps.yaml,PXL_20260523_105749894.RAW-01.COVER.jpg,Ginger Pork Lettuce Wraps,,
wc-kitchen.glazed-carrots.yaml,PXL_20260523_110040623.RAW-01.COVER.jpg,Glazed Carrots,side dish,carrots; glazed; side dish; vegetable
wc-kitchen.gochujang-roasted-carrots.yaml,PXL_20260523_110902690.RAW-01.COVER.jpg,Gochujang Roasted Carrots,Side Dish,Korean; carrots; roasted; vegetarian
wc-kitchen.grilled-broccoli.yaml,PXL_20260523_111034020.RAW-01.COVER.jpg,Grilled Broccoli,side dish,grilled; broccoli; vegetarian; side dish
wc-kitchen.ground-turkey-and-potato-skillet.yaml,PXL_20260523_110311047.RAW-01.COVER.jpg,Ground Turkey & Potato Skillet,main dish,one pot; skillet; ground turkey; potatoes; weeknight dinner
wc-kitchen.healthy-blueberry-muffins.yaml,PXL_20260523_111028599.RAW-01.COVER.jpg,Healthy Blueberry Muffins,Muffin,blueberry; healthy; whole wheat; baked
wc-kitchen.healthy-sloppy-joes.yaml,PXL_20260523_110212056.RAW-01.COVER.jpg,Healthy Sloppy Joes,dinner,sloppy joes; ground beef; American; healthy
wc-kitchen.homemade-drop-biscuits-recipe.yaml,PXL_20260523_110943607.RAW-01.COVER.jpg,Homemade Drop Biscuits Recipe (No Milk),,
wc-kitchen.homemade-hot-chocolate-mix.yaml,PXL_20260523_110626478.RAW-01.COVER.jpg,Homemade Hot Chocolate Mix,,
wc-kitchen.honey-apple-galette-with-pistachio-sugar.yaml,PXL_20260523_110515493.RAW-01.COVER.jpg,Honey Apple Galette With Pistachio Sugar,dessert,galette; apple; pastry; dessert
wc-kitchen.honey-lemon-vinaigrette.yaml,PXL_20260523_110704871.RAW-01.COVER.jpg,Honey Lemon Vinaigrette,"Condiment, Salad",vinaigrette; dressing; lemon; honey; quick
wc-kitchen.how-to-make-instant-pot-farro.yaml,PXL_20260523_110032550.RAW-01.COVER.jpg,How to Make Instant Pot Farro,"side dish, grain",instant pot; pressure cooker; farro; whole grain; quick
wc-kitchen.instant-pot-applesauce.yaml,PXL_20260523_110045869.RAW-01.COVER.jpg,Instant Pot Applesauce,"Side Dish, Snack",
wc-kitchen.instant-pot-baked-potato-soup.yaml,PXL_20260523_111043636.RAW-01.COVER.jpg,Instant Pot Baked Potato Soup,soup,soup; potato; instant pot; comfort food
wc-kitchen.instant-pot-black-beans.yaml,PXL_20260523_110020503.RAW-01.COVER.jpg,Instant Pot Black Beans,side dish,instant pot; pressure cooker; black beans; vegan; budget-friendly; meal prep
wc-kitchen.instant-pot-cilantro-lime-rice-recipe.yaml,PXL_20260523_110025036.RAW-01.COVER.jpg,Instant Pot Cilantro Lime Rice Recipe,Side Dish,cilantro lime rice; instant pot rice recipe; pressure cooker
wc-kitchen.instant-pot-parmesan-risotto.yaml,PXL_20260523_105753595.RAW-01.COVER.jpg,Instant Pot Parmesan Risotto,,
wc-kitchen.instant-pot-ramen-noodles.yaml,PXL_20260523_110736212.RAW-01.COVER.jpg,Instant Pot Ramen Noodles,,Asian; instant pot; 21 Day Fix; dorm room dinner
wc-kitchen.instant-pot-red-beans-and-rice.yaml,PXL_20260523_110408496.RAW-01.COVER.jpg,Instant Pot Red Beans and Rice,Main Course,
wc-kitchen.instant-pot-teriyaki-turkey-meatballs.yaml,PXL_20260523_110321307.RAW-01.COVER.jpg,Instant Pot Teriyaki Turkey Meatballs,Main Course,
wc-kitchen.kashi-oatmeal-chocolate-chip-cookies.yaml,PXL_20260523_110642298.RAW-01.COVER.jpg,Kashi Oatmeal Chocolate Chip Cookies,,
wc-kitchen.kitchen-sink-cookies.yaml,PXL_20260523_110708638.RAW-01.COVER.jpg,Kitchen Sink Cookies (Panera Copycat!),Dessert,kitchen sink cookies; panera copycat recipe; cookie
wc-kitchen.korean-beef-bowl.yaml,PXL_20260523_110326010.RAW-01.COVER.jpg,Korean Beef Bowl,,
wc-kitchen.macaroni-and-hamburger.yaml,PXL_20260523_105917519.RAW-01.COVER.jpg,Macaroni & Hamburger,,
wc-kitchen.meatloaf.yaml,PXL_20260523_110255553.RAW-01.COVER.jpg,Meatloaf,,
wc-kitchen.mediterranean-stuffed-pork-tenderloin.yaml,PXL_20260523_110756851.RAW-01.COVER.jpg,Mediterranean Stuffed Pork Tenderloin,Main Dish,baked pork tenderloin; pork tenderloin recipe; stuffed pork tenderloin
wc-kitchen.mexican-street-corn-salad.yaml,PXL_20260523_110059887.RAW-01.COVER.jpg,Mexican Street Corn Salad,"Main Course, Salad",corn salad; mexican recipes; mexican street corn salad; esquites
wc-kitchen.middle-eastern-lentil-soup.yaml,mideast-lentil.pdf,Middle Eastern Lentil Soup,Soup,
wc-kitchen.miso-dumpling-soup.yaml,PXL_20260523_110825062.RAW-01.COVER.jpg,Miso Dumpling Soup (15 Minutes),Soup,Japanese; dumplings; miso; quick
wc-kitchen.moist-chocolate-cake.yaml,moist-chocolate-cake-ap.pdf,Moist Chocolate Cake,Dessert,
wc-kitchen.mushroom-onion-and-sage-stuffing.yaml,PXL_20260523_110016726.RAW-01.COVER.jpg,"Mushroom, Onion, and Sage Stuffing",Side Dish,stuffing; dressing; side dish; mushroom; Thanksgiving
wc-kitchen.oven-fried-chicken-ii.yaml,PXL_20260523_110248782.RAW-01.COVER.jpg,Oven Fried Chicken II,,
wc-kitchen.pappardelle-with-mushrooms.yaml,PXL_20260523_105859991.RAW-01.COVER.jpg,Pappardelle with Mushrooms,Pasta,mushrooms; pasta; vegetarian
wc-kitchen.pasta-e-piselli.yaml,PXL_20260523_105931657.RAW-01.COVER.jpg,Pasta e Piselli (Pasta with Peas),Pasta; Side Dish,Italian; Italian-American; one-pot
wc-kitchen.perfect-pie-dough.yaml,PXL_20260523_110536486.RAW-01.COVER.jpg,Perfect Pie Dough,,pie dough; pie crust; pastry; make-ahead
wc-kitchen.perfect-pot-roast.yaml,PXL_20260523_110959246.RAW-01.COVER.jpg,Perfect Pot Roast,Main Dishes,pot roast; beef; comfort food
wc-kitchen.poached-cod-with-tomatoes.yaml,PXL_20260523_105811108.RAW-01.COVER.jpg,Poached Cod with Tomatoes,,
wc-kitchen.pork-breakfast-chops.yaml,PXL_20260523_110447772.RAW-01.COVER.jpg,Pork Breakfast Chops,Main,pork; pan-fried; easy
wc-kitchen.potato-leek-soup.yaml,PXL_20260523_110422385.RAW-01.COVER.jpg,Potato Leek Soup,Soup,French; creamy; potato; leek; freezer-friendly
wc-kitchen.quick-and-easy-red-lentil-dahl.yaml,PXL_20260523_110335165.RAW-01.COVER.jpg,Quick & Easy Red Lentil Dahl,Main; Side Dish,
wc-kitchen.quick-pickled-red-onion.yaml,PXL_20260523_110715136.RAW-01.COVER.jpg,Quick Pickled Red Onion,,
wc-kitchen.ratatouille.yaml,PXL_20260523_110000549.RAW-01.COVER.jpg,Ratatouille,Side Dish,vegetarian; stovetop
wc-kitchen.rice-pilaf.yaml,PXL_20260523_110011912.RAW-01.COVER.jpg,Rice Pilaf,Side Dish,
wc-kitchen.roasted-potatoes-and-kielbasa.yaml,PXL_20260523_110340145.RAW-01.COVER.jpg,Roasted Potatoes and Kielbasa (One-Pan Recipe),Dinner,one-pan; potatoes; kielbasa; roasted
wc-kitchen.roasted-shiitake-bibimbap.yaml,PXL_20260523_105815341.RAW-01.COVER.jpg,Roasted Shiitake Bibimbap,,
wc-kitchen.salmon-burgers-with-slaw.yaml,PXL_20260523_110917350.RAW-01.COVER.jpg,Salmon Burgers with Slaw,Main Course,salmon; burgers; slaw; seafood
wc-kitchen.shakshuka-with-feta.yaml,PXL_20260523_110637947.RAW-01.COVER.jpg,Shakshuka With Feta,,
wc-kitchen.shepherds-pie.yaml,PXL_20260523_105805605.RAW-01.COVER.jpg,Shepherd's Pie,,
wc-kitchen.shrimp-fettuccine-alfredo.yaml,PXL_20260523_105916122.RAW-01.COVER.jpg,Shrimp Fettuccine Alfredo,Main Course,pasta; shrimp; alfredo; Food Network Kitchen
wc-kitchen.simple-zucchini-bread.yaml,PXL_20260523_111048325.RAW-01.COVER.jpg,Simple Zucchini Bread,Quick Bread,zucchini; loaf; vegetarian
wc-kitchen.slow-cooked-southwest-chicken.yaml,PXL_20260523_105943630.RAW-01.COVER.jpg,Slow-Cooked Southwest Chicken,Main Dish,slow cooker; chicken; southwest; low-fat
wc-kitchen.slow-cooker-beef-stew.yaml,PXL_20260523_105952998.RAW-01.COVER.jpg,Slow Cooker Beef Stew,Main Dish,slow cooker; beef; stew; comfort food
wc-kitchen.slow-cooker-corn-chowder.yaml,PXL_20260523_110430527.RAW-01.COVER.jpg,Slow Cooker Corn Chowder,Soup,slow cooker; corn; chowder; vegetarian-adaptable
wc-kitchen.soft-and-chewy-chocolate-chip-cookies.yaml,PXL_20260523_110854841.RAW-01.COVER.jpg,Soft and Chewy Chocolate Chip Cookies,Dessert,cookies; chocolate chip; baking
wc-kitchen.soy-vay-veri-veri-teriyaki-clone.yaml,PXL_20260523_105857986.RAW-01.COVER.jpg,Soy Vay Veri Veri Teriyaki Clone,Condiment,teriyaki; sauce; marinade; freezer friendly
wc-kitchen.spaghetti-carbonara.yaml,PXL_20260523_105912092.RAW-01.COVER.jpg,Spaghetti Carbonara,,
wc-kitchen.sparkling-apple-cider-gin-cocktail.yaml,PXL_20260523_110520251.RAW-01.COVER.jpg,Sparkling Apple Cider Gin Cocktail,Cocktail,holiday; gin; apple cider; sparkling; easy
wc-kitchen.split-pea-soup.yaml,PXL_20260523_105949018.RAW-01.COVER.jpg,Split Pea Soup (Instant Pot),Soup,instant pot; split pea; ham; slow cooker option
wc-kitchen.sweet-pickled-radishes.yaml,PXL_20260523_110532537.RAW-01.COVER.jpg,Sweet Pickled Radishes,condiment,pickles; radishes; refrigerator pickles
wc-kitchen.sweet-potato-chickpea-buddha-bowl-with-peanut-sauce.yaml,PXL_20260523_110851524.RAW-01.COVER.jpg,Sweet Potato Chickpea Buddha Bowl with Peanut Sauce,Main Dish,buddha bowl; vegan; meal prep; grain bowl
wc-kitchen.taco-pasta-salad.yaml,PXL_20260523_105925706.RAW-01.COVER.jpg,Taco Pasta Salad,Salad,pasta; taco; cold; make-ahead
wc-kitchen.taco-salad.yaml,PXL_20260523_110118658.RAW-01.COVER.jpg,Taco Salad,,
wc-kitchen.teriyaki-turkey-rice-bowl.yaml,PXL_20260523_105836947.RAW-01.COVER.jpg,Teriyaki Turkey Rice Bowl,,
wc-kitchen.thai-cucumber-salad.yaml,PXL_20260523_110055480.RAW-01.COVER.jpg,Thai Cucumber Salad,Salad,thai; cucumber; summer; side dish; asian-inspired
wc-kitchen.thai-peanut-sauce-jessica-hylton.yaml,PXL_20260523_110859252.RAW-01.COVER.jpg,Thai Peanut Sauce,,
wc-kitchen.thai-peanut-sauce.yaml,PXL_20260523_105838521.RAW-01.COVER.jpg,Thai Peanut Sauce,,
wc-kitchen.thai-peanut-sweet-potato-buddha-bowl.yaml,PXL_20260523_110847736.RAW-01.COVER.jpg,Thai Peanut Sweet Potato Buddha Bowl,Main Dish,
wc-kitchen.the-best-apple-crisp.yaml,PXL_20260523_110616006.RAW-01.COVER.jpg,The Best Apple Crisp,Dessert,apple; crisp; fall
wc-kitchen.the-best-instant-pot-lentil-soup.yaml,PXL_20260523_105959132.RAW-01.COVER.jpg,The Best Instant Pot Lentil Soup,Soup,coconut milk; curry; instant pot; lentil soup; turmeric
wc-kitchen.the-best-meatloaf-recipe-of-your-life.yaml,PXL_20260523_105740798.RAW-01.COVER.jpg,The Best Meatloaf Recipe Of Your Life,,
wc-kitchen.the-best-swedish-meatballs-recipe.yaml,PXL_20260523_110403439.RAW-01.COVER.jpg,The Best Swedish Meatballs Recipe,Dinner,swedish meatballs; gravy
wc-kitchen.tomato-relish.yaml,PXL_20260523_110441574.RAW-01.COVER.jpg,Tomato Relish,Preserves,relish; tomato; condiment; preserving
wc-kitchen.toum.yaml,PXL_20260523_105846011.RAW-01.COVER.jpg,Toum (Garlic Whip),Condiment,garlic; Lebanese; emulsion; sauce; Middle Eastern
wc-kitchen.tuna-and-white-bean-salad.yaml,PXL_20260523_110101482.RAW-01.COVER.jpg,Tuna-and-White-Bean Salad,salad,tuna; white bean; Tuscan; no-cook; quick
wc-kitchen.tzatziki.yaml,PXL_20260523_105851220.RAW-01.COVER.jpg,Tzatziki,"sauce, dip",Greek; tzatziki; vegetarian; quick
wc-kitchen.ultimate-bean-dip.yaml,PXL_20260523_105844621.RAW-01.COVER.jpg,Ultimate Bean Dip,,
wc-kitchen.ultra-crispy-smashed-potatoes.yaml,PXL_20260523_110026906.RAW-01.COVER.jpg,Ultra Crispy Smashed Potatoes,Sides,smashed potatoes; crispy; potato
wc-kitchen.unstuffed-bell-peppers.yaml,PXL_20260523_105744343.RAW-01.COVER.jpg,Unstuffed Bell Peppers,,
wc-kitchen.vegetable-lasagna.yaml,PXL_20260523_105906063.RAW-01.MP.COVER.jpg,Best Vegetable Lasagna,entree,lasagna; vegetarian; pasta; baked
wc-kitchen.vegetarian-burrito-bowls.yaml,PXL_20260523_110314740.RAW-01.COVER.jpg,Vegetarian Burrito Bowls,main dish,vegetarian; bowls; Mexican-inspired; quick
wc-kitchen.vegetarian-lentil-tortilla-soup.yaml,PXL_20260523_110006520.RAW-01.COVER.jpg,Vegetarian Lentil Tortilla Soup,Main Dish,vegetarian; soup; Mexican; lentil; make-ahead
wc-kitchen.waffles-i.yaml,PXL_20260523_110414516.RAW-01.COVER.jpg,Waffles I,breakfast,waffles; breakfast
wc-kitchen.white-bean-and-ham-soup.yaml,PXL_20260523_105933262.RAW-01.COVER.jpg,White Bean & Ham Soup,soup,
wc-kitchen.yellow-curry-with-chicken.yaml,PXL_20260523_105802137.RAW-01.COVER.jpg,Yellow Curry with Chicken (Instant Pot),,
wc-kitchen.your-strawberry-jam-recipe.yaml,PXL_20260523_111122883.RAW-01.COVER.jpg,Your Strawberry Jam Recipe (Ball RealFruit Low/No-Sugar Pectin),jam / preserve,strawberry; jam; canning; low sugar; no sugar; Ball RealFruit
wc-kitchen.yule-log-cake.yaml,PXL_20260523_110609336.RAW-01.COVER.jpg,Yule Log Cake (Bûche de Noël),Dessert,yule log; christmas; buche de noel; chocolate; cake
wc-kitchen.zucchini-bread-muffins.yaml,PXL_20260523_110803386.RAW-01.COVER.jpg,Zucchini Bread Muffins,,
