"original_filename","new_filename","recipe_id","status","timestamp"
"PXL_20260523_105734494.RAW-01.MP.COVER.jpg","bratkartoffeln-20260523.jpg","wc-kitchen.bratkartoffeln","applied","2026-05-30T17:25:07Z"
"PXL_20260523_105738510.RAW-01.COVER.jpg","davids-chicken-and-mushrooms-20260523.jpg","wc-kitchen.davids-chicken-and-mushrooms","applied","2026-05-30T17:25:07Z"
"PXL_20260523_105740798.RAW-01.COVER.jpg","the-best-meatloaf-recipe-of-your-life-20260523.jpg","wc-kitchen.the-best-meatloaf-recipe-of-your-life","applied","2026-05-30T17:25:07Z"
"PXL_20260523_105744343.RAW-01.COVER.jpg","unstuffed-bell-peppers-20260523.jpg","wc-kitchen.unstuffed-bell-peppers","applied","2026-05-30T17:25:07Z"
"PXL_20260523_105748153.RAW-01.COVER.jpg","corn-quesadillas-20260523.jpg","wc-kitchen.corn-quesadillas","applied","2026-05-30T17:25:07Z"
"PXL_20260523_105749894.RAW-01.COVER.jpg","ginger-pork-lettuce-wraps-20260523.jpg","wc-kitchen.ginger-pork-lettuce-wraps","applied","2026-05-30T17:25:07Z"
"PXL_20260523_105753595.RAW-01.COVER.jpg","instant-pot-parmesan-risotto-20260523.jpg","wc-kitchen.instant-pot-parmesan-risotto","applied","2026-05-30T17:25:07Z"
"PXL_20260523_105755183.RAW-01.COVER.jpg","curried-chicken-salad-20260523.jpg","wc-kitchen.curried-chicken-salad","applied","2026-05-30T17:25:07Z"
"PXL_20260523_105800555.RAW-01.COVER.jpg","chicken-tikka-masala-20260523.jpg","wc-kitchen.chicken-tikka-masala","applied","2026-05-30T17:25:07Z"
"PXL_20260523_105802137.RAW-01.COVER.jpg","yellow-curry-with-chicken-20260523.jpg","wc-kitchen.yellow-curry-with-chicken","applied","2026-05-30T17:25:07Z"
"PXL_20260523_105805605.RAW-01.COVER.jpg","shepherds-pie-20260523.jpg","wc-kitchen.shepherds-pie","applied","2026-05-30T17:25:07Z"
"PXL_20260523_105807041.RAW-01.COVER.jpg","chicken-and-vegetable-pot-pie-20260523.jpg","wc-kitchen.chicken-and-vegetable-pot-pie","applied","2026-05-30T17:25:07Z"
"PXL_20260523_105811108.RAW-01.COVER.jpg","poached-cod-with-tomatoes-20260523.jpg","wc-kitchen.poached-cod-with-tomatoes","applied","2026-05-30T17:25:07Z"
"PXL_20260523_105812482.RAW-01.COVER.jpg","chicken-and-veggie-enchiladas-20260523.jpg","wc-kitchen.chicken-and-veggie-enchiladas","applied","2026-05-30T17:25:07Z"
"PXL_20260523_105815341.RAW-01.COVER.jpg","roasted-shiitake-bibimbap-20260523.jpg","wc-kitchen.roasted-shiitake-bibimbap","applied","2026-05-30T17:25:07Z"
"PXL_20260523_105816681.RAW-01.COVER.jpg","beer-batter-fish-20260523.jpg","wc-kitchen.beer-batter-fish","applied","2026-05-30T17:25:07Z"
"PXL_20260523_105820663.RAW-01.COVER.jpg","bacon-shrimp-sweet-potatoes-20260523.jpg","wc-kitchen.bacon-shrimp-sweet-potatoes","applied","2026-05-30T17:25:07Z"
"PXL_20260523_105822013.RAW-01.COVER.jpg","bacon-onion-tart-20260523.jpg","wc-kitchen.bacon-onion-tart","applied","2026-05-30T17:25:07Z"
"PXL_20260523_105827260.RAW-01.COVER.jpg","beef-bolognese-with-parsnips-20260523.jpg","wc-kitchen.beef-bolognese-with-parsnips","applied","2026-05-30T17:25:07Z"
"PXL_20260523_105828801.RAW-01.MP.COVER.jpg","crispy-slow-cooker-carnitas-20260523.jpg","wc-kitchen.crispy-slow-cooker-carnitas","applied","2026-05-30T17:25:07Z"
"PXL_20260523_105832640.RAW-01.COVER.jpg","chana-masala-20260523.jpg","wc-kitchen.chana-masala","applied","2026-05-30T17:25:07Z"
"PXL_20260523_105836947.RAW-01.COVER.jpg","teriyaki-turkey-rice-bowl-20260523.jpg","wc-kitchen.teriyaki-turkey-rice-bowl","applied","2026-05-30T17:25:07Z"
"PXL_20260523_105838521.RAW-01.COVER.jpg","thai-peanut-sauce-20260523.jpg","wc-kitchen.thai-peanut-sauce","applied","2026-05-30T17:25:07Z"
"PXL_20260523_105844621.RAW-01.COVER.jpg","ultimate-bean-dip-20260523.jpg","wc-kitchen.ultimate-bean-dip","applied","2026-05-30T17:25:07Z"
"PXL_20260523_105846011.RAW-01.COVER.jpg","toum-20260523.jpg","wc-kitchen.toum","applied","2026-05-30T17:25:07Z"
"PXL_20260523_105851220.RAW-01.COVER.jpg","tzatziki-20260523.jpg","wc-kitchen.tzatziki","applied","2026-05-30T17:25:07Z"
"PXL_20260523_105852946.RAW-01.COVER.jpg","all-purpose-thai-basil-sauce-20260523.jpg","wc-kitchen.all-purpose-thai-basil-sauce","applied","2026-05-30T17:25:07Z"
"PXL_20260523_105857986.RAW-01.COVER.jpg","soy-vay-veri-veri-teriyaki-clone-20260523.jpg","wc-kitchen.soy-vay-veri-veri-teriyaki-clone","applied","2026-05-30T17:25:07Z"
"PXL_20260523_105859991.RAW-01.COVER.jpg","pappardelle-with-mushrooms-20260523.jpg","wc-kitchen.pappardelle-with-mushrooms","applied","2026-05-30T17:25:07Z"
"PXL_20260523_105903933.RAW-01.COVER.jpg","creamy-broccoli-pasta-20260523.jpg","wc-kitchen.creamy-broccoli-pasta","applied","2026-05-30T17:25:07Z"
"PXL_20260523_105906063.RAW-01.MP.COVER.jpg","vegetable-lasagna-20260523.jpg","wc-kitchen.vegetable-lasagna","applied","2026-05-30T17:25:07Z"
"PXL_20260523_105912092.RAW-01.COVER.jpg","spaghetti-carbonara-20260523.jpg","wc-kitchen.spaghetti-carbonara","applied","2026-05-30T17:25:07Z"
"PXL_20260523_105916122.RAW-01.COVER.jpg","shrimp-fettuccine-alfredo-20260523.jpg","wc-kitchen.shrimp-fettuccine-alfredo","applied","2026-05-30T17:25:07Z"
"PXL_20260523_105917519.RAW-01.COVER.jpg","macaroni-and-hamburger-20260523.jpg","wc-kitchen.macaroni-and-hamburger","applied","2026-05-30T17:25:07Z"
"PXL_20260523_105925706.RAW-01.COVER.jpg","taco-pasta-salad-20260523.jpg","wc-kitchen.taco-pasta-salad","applied","2026-05-30T17:25:07Z"
"PXL_20260523_105927231.RAW-01.COVER.jpg","creamy-gnocchi-with-sun-dried-tomatoes-20260523.jpg","wc-kitchen.creamy-gnocchi-with-sun-dried-tomatoes","applied","2026-05-30T17:25:07Z"
"PXL_20260523_105931657.RAW-01.COVER.jpg","pasta-e-piselli-20260523.jpg","wc-kitchen.pasta-e-piselli","applied","2026-05-30T17:25:07Z"
"PXL_20260523_105933262.RAW-01.COVER.jpg","white-bean-and-ham-soup-20260523.jpg","wc-kitchen.white-bean-and-ham-soup","applied","2026-05-30T17:25:07Z"
"PXL_20260523_105938125.RAW-01.COVER.jpg","cabbage-soup-20260523.jpg","wc-kitchen.cabbage-soup","applied","2026-05-30T17:25:07Z"
"PXL_20260523_105939515.RAW-01.COVER.jpg","corn-chowder-20260523.jpg","wc-kitchen.corn-chowder","applied","2026-05-30T17:25:07Z"
"PXL_20260523_105942465.RAW-01.COVER.jpg","creamy-tomato-soup-20260523.jpg","wc-kitchen.creamy-tomato-soup","applied","2026-05-30T17:25:07Z"
"PXL_20260523_105943630.RAW-01.COVER.jpg","slow-cooked-southwest-chicken-20260523.jpg","wc-kitchen.slow-cooked-southwest-chicken","applied","2026-05-30T17:25:07Z"
"PXL_20260523_105949018.RAW-01.COVER.jpg","split-pea-soup-20260523.jpg","wc-kitchen.split-pea-soup","applied","2026-05-30T17:25:07Z"
"PXL_20260523_105952998.RAW-01.COVER.jpg","slow-cooker-beef-stew-20260523.jpg","wc-kitchen.slow-cooker-beef-stew","applied","2026-05-30T17:25:07Z"
"PXL_20260523_105954549.RAW-01.COVER.jpg","chili-recipe-20260523.jpg","wc-kitchen.chili-recipe","applied","2026-05-30T17:25:07Z"
"PXL_20260523_105959132.RAW-01.COVER.jpg","the-best-instant-pot-lentil-soup-20260523.jpg","wc-kitchen.the-best-instant-pot-lentil-soup","applied","2026-05-30T17:25:07Z"
"PXL_20260523_110000549.RAW-01.COVER.jpg","ratatouille-20260523.jpg","wc-kitchen.ratatouille","applied","2026-05-30T17:25:07Z"
"PXL_20260523_110005052.RAW-01.COVER.jpg","chicken-soup-20260523.jpg","wc-kitchen.chicken-soup","applied","2026-05-30T17:25:07Z"
"PXL_20260523_110006520.RAW-01.COVER.jpg","vegetarian-lentil-tortilla-soup-20260523.jpg","wc-kitchen.vegetarian-lentil-tortilla-soup","applied","2026-05-30T17:25:07Z"
"PXL_20260523_110011912.RAW-01.COVER.jpg","rice-pilaf-20260523.jpg","wc-kitchen.rice-pilaf","applied","2026-05-30T17:25:07Z"
"PXL_20260523_110016726.RAW-01.COVER.jpg","mushroom-onion-and-sage-stuffing-20260523.jpg","wc-kitchen.mushroom-onion-and-sage-stuffing","applied","2026-05-30T17:25:07Z"
"PXL_20260523_110020503.RAW-01.COVER.jpg","instant-pot-black-beans-20260523.jpg","wc-kitchen.instant-pot-black-beans","applied","2026-05-30T17:25:07Z"
"PXL_20260523_110025036.RAW-01.COVER.jpg","instant-pot-cilantro-lime-rice-recipe-20260523.jpg","wc-kitchen.instant-pot-cilantro-lime-rice-recipe","applied","2026-05-30T17:25:07Z"
"PXL_20260523_110026906.RAW-01.COVER.jpg","ultra-crispy-smashed-potatoes-20260523.jpg","wc-kitchen.ultra-crispy-smashed-potatoes","applied","2026-05-30T17:25:07Z"
"PXL_20260523_110032550.RAW-01.COVER.jpg","how-to-make-instant-pot-farro-20260523.jpg","wc-kitchen.how-to-make-instant-pot-farro","applied","2026-05-30T17:25:07Z"
"PXL_20260523_110034702.RAW-01.COVER.jpg","baked-acorn-squash-with-butter-and-brown-sugar-20260523.jpg","wc-kitchen.baked-acorn-squash-with-butter-and-brown-sugar","applied","2026-05-30T17:25:07Z"
"PXL_20260523_110038901.RAW-01.COVER.jpg","candied-sweet-potatoes-20260523.jpg","wc-kitchen.candied-sweet-potatoes","applied","2026-05-30T17:25:07Z"
"PXL_20260523_110040623.RAW-01.COVER.jpg","glazed-carrots-20260523.jpg","wc-kitchen.glazed-carrots","applied","2026-05-30T17:25:07Z"
"PXL_20260523_110045869.RAW-01.COVER.jpg","instant-pot-applesauce-20260523.jpg","wc-kitchen.instant-pot-applesauce","applied","2026-05-30T17:25:07Z"
"PXL_20260523_110050572.RAW-01.COVER.jpg","cucumber-salad-20260523.jpg","wc-kitchen.cucumber-salad","applied","2026-05-30T17:25:07Z"
"PXL_20260523_110055480.RAW-01.COVER.jpg","thai-cucumber-salad-20260523.jpg","wc-kitchen.thai-cucumber-salad","applied","2026-05-30T17:25:07Z"
"PXL_20260523_110059887.RAW-01.COVER.jpg","mexican-street-corn-salad-20260523.jpg","wc-kitchen.mexican-street-corn-salad","applied","2026-05-30T17:25:07Z"
"PXL_20260523_110101482.RAW-01.COVER.jpg","tuna-and-white-bean-salad-20260523.jpg","wc-kitchen.tuna-and-white-bean-salad","applied","2026-05-30T17:25:07Z"
"PXL_20260523_110104931.RAW-01.COVER.jpg","brussels-sprout-salad-with-maple-vinaigrette-20260523.jpg","wc-kitchen.brussels-sprout-salad-with-maple-vinaigrette","applied","2026-05-30T17:25:07Z"
"PXL_20260523_110106862.RAW-01.COVER.jpg","best-bean-salad-20260523.jpg","wc-kitchen.best-bean-salad","applied","2026-05-30T17:25:07Z"
"PXL_20260523_110110860.RAW-01.COVER.jpg","black-bean-and-corn-salad-ii-20260523.jpg","wc-kitchen.black-bean-and-corn-salad-ii","applied","2026-05-30T17:25:07Z"
"PXL_20260523_110112441.RAW-01.COVER.jpg","couscous-feta-salad-20260523.jpg","wc-kitchen.couscous-feta-salad","applied","2026-05-30T17:25:07Z"
"PXL_20260523_110118658.RAW-01.COVER.jpg","taco-salad-20260523.jpg","wc-kitchen.taco-salad","applied","2026-05-30T17:25:07Z"
"PXL_20260523_110128336.RAW-01.COVER.jpg","easy-slow-cooker-beef-stew-20260523.jpg","wc-kitchen.easy-slow-cooker-beef-stew","applied","2026-05-30T17:25:07Z"
"PXL_20260523_110206301.RAW-01.COVER.jpg","chicken-with-creamy-mushroom-sauce-20260523.jpg","wc-kitchen.chicken-with-creamy-mushroom-sauce","applied","2026-05-30T17:25:07Z"
"PXL_20260523_110212056.RAW-01.COVER.jpg","healthy-sloppy-joes-20260523.jpg","wc-kitchen.healthy-sloppy-joes","applied","2026-05-30T17:25:07Z"
"PXL_20260523_110216005.RAW-01.COVER.jpg","baked-oatmeal-with-cranberries-and-almonds-20260523.jpg","wc-kitchen.baked-oatmeal-with-cranberries-and-almonds","applied","2026-05-30T17:25:07Z"
"PXL_20260523_110248782.RAW-01.COVER.jpg","oven-fried-chicken-ii-20260523.jpg","wc-kitchen.oven-fried-chicken-ii","applied","2026-05-30T17:25:07Z"
"PXL_20260523_110255553.RAW-01.COVER.jpg","meatloaf-20260523.jpg","wc-kitchen.meatloaf","applied","2026-05-30T17:25:07Z"
"PXL_20260523_110303451.RAW-01.COVER.jpg","beef-brisket-20260523.jpg","wc-kitchen.beef-brisket","applied","2026-05-30T17:25:07Z"
"PXL_20260523_110311047.RAW-01.COVER.jpg","ground-turkey-and-potato-skillet-20260523.jpg","wc-kitchen.ground-turkey-and-potato-skillet","applied","2026-05-30T17:25:07Z"
"PXL_20260523_110314740.RAW-01.COVER.jpg","vegetarian-burrito-bowls-20260523.jpg","wc-kitchen.vegetarian-burrito-bowls","applied","2026-05-30T17:25:07Z"
"PXL_20260523_110321307.RAW-01.COVER.jpg","instant-pot-teriyaki-turkey-meatballs-20260523.jpg","wc-kitchen.instant-pot-teriyaki-turkey-meatballs","applied","2026-05-30T17:25:07Z"
"PXL_20260523_110326010.RAW-01.COVER.jpg","korean-beef-bowl-20260523.jpg","wc-kitchen.korean-beef-bowl","applied","2026-05-30T17:25:07Z"
"PXL_20260523_110335165.RAW-01.COVER.jpg","quick-and-easy-red-lentil-dahl-20260523.jpg","wc-kitchen.quick-and-easy-red-lentil-dahl","applied","2026-05-30T17:25:07Z"
"PXL_20260523_110340145.RAW-01.COVER.jpg","roasted-potatoes-and-kielbasa-20260523.jpg","wc-kitchen.roasted-potatoes-and-kielbasa","applied","2026-05-30T17:25:07Z"
"PXL_20260523_110403439.RAW-01.COVER.jpg","the-best-swedish-meatballs-recipe-20260523.jpg","wc-kitchen.the-best-swedish-meatballs-recipe","applied","2026-05-30T17:25:07Z"
"PXL_20260523_110408496.RAW-01.COVER.jpg","instant-pot-red-beans-and-rice-20260523.jpg","wc-kitchen.instant-pot-red-beans-and-rice","applied","2026-05-30T17:25:07Z"
"PXL_20260523_110414516.RAW-01.COVER.jpg","waffles-i-20260523.jpg","wc-kitchen.waffles-i","applied","2026-05-30T17:25:07Z"
"PXL_20260523_110422385.RAW-01.COVER.jpg","potato-leek-soup-20260523.jpg","wc-kitchen.potato-leek-soup","applied","2026-05-30T17:25:07Z"
"PXL_20260523_110430527.RAW-01.COVER.jpg","slow-cooker-corn-chowder-20260523.jpg","wc-kitchen.slow-cooker-corn-chowder","applied","2026-05-30T17:25:07Z"
"PXL_20260523_110437165.RAW-01.COVER.jpg","30-minute-dairy-free-potato-soup-20260523.jpg","wc-kitchen.30-minute-dairy-free-potato-soup","applied","2026-05-30T17:25:07Z"
"PXL_20260523_110441574.RAW-01.COVER.jpg","tomato-relish-20260523.jpg","wc-kitchen.tomato-relish","applied","2026-05-30T17:25:07Z"
"PXL_20260523_110447772.RAW-01.COVER.jpg","pork-breakfast-chops-20260523.jpg","wc-kitchen.pork-breakfast-chops","applied","2026-05-30T17:25:07Z"
"PXL_20260523_110455496.RAW-01.COVER.jpg","blackened-mahi-mahi-20260523.jpg","wc-kitchen.blackened-mahi-mahi","applied","2026-05-30T17:25:07Z"
"PXL_20260523_110501306.RAW-01.COVER.jpg","crab-salad-20260523.jpg","wc-kitchen.crab-salad","applied","2026-05-30T17:25:07Z"
"PXL_20260523_110515493.RAW-01.COVER.jpg","honey-apple-galette-with-pistachio-sugar-20260523.jpg","wc-kitchen.honey-apple-galette-with-pistachio-sugar","applied","2026-05-30T17:25:07Z"
"PXL_20260523_110520251.RAW-01.COVER.jpg","sparkling-apple-cider-gin-cocktail-20260523.jpg","wc-kitchen.sparkling-apple-cider-gin-cocktail","applied","2026-05-30T17:25:07Z"
"PXL_20260523_110525360.RAW-01.COVER.jpg","chocolate-olive-oil-cake-20260523.jpg","wc-kitchen.chocolate-olive-oil-cake","applied","2026-05-30T17:25:07Z"
"PXL_20260523_110529376.RAW-01.COVER.jpg","creamy-tortellini-soup-20260523.jpg","wc-kitchen.creamy-tortellini-soup","applied","2026-05-30T17:25:07Z"
"PXL_20260523_110532537.RAW-01.COVER.jpg","sweet-pickled-radishes-20260523.jpg","wc-kitchen.sweet-pickled-radishes","applied","2026-05-30T17:25:07Z"
"PXL_20260523_110536486.RAW-01.COVER.jpg","perfect-pie-dough-20260523.jpg","wc-kitchen.perfect-pie-dough","applied","2026-05-30T17:25:07Z"
"PXL_20260523_110546623.RAW-01.COVER.jpg","french-macarons-20260523.jpg","wc-kitchen.french-macarons","applied","2026-05-30T17:25:07Z"
"PXL_20260523_110554041.RAW-01.COVER.jpg","beginners-guide-to-french-macarons-20260523.jpg","wc-kitchen.beginners-guide-to-french-macarons","applied","2026-05-30T17:25:07Z"
"PXL_20260523_110609336.RAW-01.COVER.jpg","yule-log-cake-20260523.jpg","wc-kitchen.yule-log-cake","applied","2026-05-30T17:25:07Z"
"PXL_20260523_110616006.RAW-01.COVER.jpg","the-best-apple-crisp-20260523.jpg","wc-kitchen.the-best-apple-crisp","applied","2026-05-30T17:25:07Z"
"PXL_20260523_110626478.RAW-01.COVER.jpg","homemade-hot-chocolate-mix-20260523.jpg","wc-kitchen.homemade-hot-chocolate-mix","applied","2026-05-30T17:25:07Z"
"PXL_20260523_110637947.RAW-01.COVER.jpg","shakshuka-with-feta-20260523.jpg","wc-kitchen.shakshuka-with-feta","applied","2026-05-30T17:25:07Z"
"PXL_20260523_110642298.RAW-01.COVER.jpg","kashi-oatmeal-chocolate-chip-cookies-20260523.jpg","wc-kitchen.kashi-oatmeal-chocolate-chip-cookies","applied","2026-05-30T17:25:07Z"
"PXL_20260523_110657091.RAW-01.COVER.jpg","easy-broccoli-quiche-20260523.jpg","wc-kitchen.easy-broccoli-quiche","applied","2026-05-30T17:25:07Z"
"PXL_20260523_110701103.RAW-01.COVER.jpg","dairy-free-quiche-lorraine-20260523.jpg","wc-kitchen.dairy-free-quiche-lorraine","applied","2026-05-30T17:25:07Z"
"PXL_20260523_110704871.RAW-01.COVER.jpg","honey-lemon-vinaigrette-20260523.jpg","wc-kitchen.honey-lemon-vinaigrette","applied","2026-05-30T17:25:07Z"
"PXL_20260523_110708638.RAW-01.COVER.jpg","kitchen-sink-cookies-20260523.jpg","wc-kitchen.kitchen-sink-cookies","applied","2026-05-30T17:25:07Z"
"PXL_20260523_110715136.RAW-01.COVER.jpg","quick-pickled-red-onion-20260523.jpg","wc-kitchen.quick-pickled-red-onion","applied","2026-05-30T17:25:07Z"
"PXL_20260523_110719176.RAW-01.COVER.jpg","beef-barley-soup-20260523.jpg","wc-kitchen.beef-barley-soup","applied","2026-05-30T17:25:07Z"
"PXL_20260523_110723711.RAW-01.COVER.jpg","broccoli-cheese-soup-20260523.jpg","wc-kitchen.broccoli-cheese-soup","applied","2026-05-30T17:25:07Z"
"PXL_20260523_110736212.RAW-01.COVER.jpg","instant-pot-ramen-noodles-20260523.jpg","wc-kitchen.instant-pot-ramen-noodles","applied","2026-05-30T17:25:07Z"
"PXL_20260523_110745738.RAW-01.COVER.jpg","chicken-katsu-recipe-20260523.jpg","wc-kitchen.chicken-katsu-recipe","applied","2026-05-30T17:25:07Z"
"PXL_20260523_110756851.RAW-01.COVER.jpg","mediterranean-stuffed-pork-tenderloin-20260523.jpg","wc-kitchen.mediterranean-stuffed-pork-tenderloin","applied","2026-05-30T17:25:07Z"
"PXL_20260523_110803386.RAW-01.COVER.jpg","zucchini-bread-muffins-20260523.jpg","wc-kitchen.zucchini-bread-muffins","applied","2026-05-30T17:25:07Z"
"PXL_20260523_110807056.RAW-01.COVER.jpg","easy-pad-thai-20260523.jpg","wc-kitchen.easy-pad-thai","applied","2026-05-30T17:25:07Z"
"PXL_20260523_110821899.RAW-01.COVER.jpg","dumpling-noodle-soup-20260523.jpg","wc-kitchen.dumpling-noodle-soup","applied","2026-05-30T17:25:07Z"
"PXL_20260523_110825062.RAW-01.COVER.jpg","miso-dumpling-soup-20260523.jpg","wc-kitchen.miso-dumpling-soup","applied","2026-05-30T17:25:07Z"
"PXL_20260523_110839236.RAW-01.COVER.jpg","black-bean-soup-20260523.jpg","wc-kitchen.black-bean-soup","applied","2026-05-30T17:25:07Z"
"PXL_20260523_110847736.RAW-01.COVER.jpg","thai-peanut-sweet-potato-buddha-bowl-20260523.jpg","wc-kitchen.thai-peanut-sweet-potato-buddha-bowl","applied","2026-05-30T17:25:07Z"
"PXL_20260523_110851524.RAW-01.COVER.jpg","sweet-potato-chickpea-buddha-bowl-with-peanut-sauce-20260523.jpg","wc-kitchen.sweet-potato-chickpea-buddha-bowl-with-peanut-sauce","applied","2026-05-30T17:25:07Z"
"PXL_20260523_110854841.RAW-01.COVER.jpg","soft-and-chewy-chocolate-chip-cookies-20260523.jpg","wc-kitchen.soft-and-chewy-chocolate-chip-cookies","applied","2026-05-30T17:25:07Z"
"PXL_20260523_110859252.RAW-01.COVER.jpg","thai-peanut-sauce-jessica-hylton-20260523.jpg","wc-kitchen.thai-peanut-sauce-jessica-hylton","applied","2026-05-30T17:25:07Z"
"PXL_20260523_110902690.RAW-01.COVER.jpg","gochujang-roasted-carrots-20260523.jpg","wc-kitchen.gochujang-roasted-carrots","applied","2026-05-30T17:25:07Z"
"PXL_20260523_110917350.RAW-01.COVER.jpg","salmon-burgers-with-slaw-20260523.jpg","wc-kitchen.salmon-burgers-with-slaw","applied","2026-05-30T17:25:07Z"
"PXL_20260523_110922779.RAW-01.COVER.jpg","15-minute-miso-soup-with-greens-and-tofu-20260523.jpg","wc-kitchen.15-minute-miso-soup-with-greens-and-tofu","applied","2026-05-30T17:25:07Z"
"PXL_20260523_110943607.RAW-01.COVER.jpg","homemade-drop-biscuits-recipe-20260523.jpg","wc-kitchen.homemade-drop-biscuits-recipe","applied","2026-05-30T17:25:07Z"
"PXL_20260523_110959246.RAW-01.COVER.jpg","perfect-pot-roast-20260523.jpg","wc-kitchen.perfect-pot-roast","applied","2026-05-30T17:25:07Z"
"PXL_20260523_111024790.RAW-01.COVER.jpg","actually-delicious-turkey-burgers-20260523.jpg","wc-kitchen.actually-delicious-turkey-burgers","applied","2026-05-30T17:25:07Z"
"PXL_20260523_111028599.RAW-01.COVER.jpg","healthy-blueberry-muffins-20260523.jpg","wc-kitchen.healthy-blueberry-muffins","applied","2026-05-30T17:25:07Z"
"PXL_20260523_111034020.RAW-01.COVER.jpg","grilled-broccoli-20260523.jpg","wc-kitchen.grilled-broccoli","applied","2026-05-30T17:25:07Z"
"PXL_20260523_111039285.RAW-01.COVER.jpg","everyday-instant-pot-dal-20260523.jpg","wc-kitchen.everyday-instant-pot-dal","applied","2026-05-30T17:25:07Z"
"PXL_20260523_111043636.RAW-01.COVER.jpg","instant-pot-baked-potato-soup-20260523.jpg","wc-kitchen.instant-pot-baked-potato-soup","applied","2026-05-30T17:25:07Z"
"PXL_20260523_111048325.RAW-01.COVER.jpg","simple-zucchini-bread-20260523.jpg","wc-kitchen.simple-zucchini-bread","applied","2026-05-30T17:25:07Z"
"PXL_20260523_111052575.RAW-01.COVER.jpg","fluffy-almond-flour-pancakes-20260523.jpg","wc-kitchen.fluffy-almond-flour-pancakes","applied","2026-05-30T17:25:07Z"
"PXL_20260523_111055573.RAW-01.COVER.jpg","creamy-sriracha-mayo-recipe-20260523.jpg","wc-kitchen.creamy-sriracha-mayo-recipe","applied","2026-05-30T17:25:07Z"
"PXL_20260523_111107474.RAW-01.COVER.jpg","chocolate-biscotti-20260523.jpg","wc-kitchen.chocolate-biscotti","applied","2026-05-30T17:25:07Z"
"PXL_20260523_111122883.RAW-01.COVER.jpg","your-strawberry-jam-recipe-20260523.jpg","wc-kitchen.your-strawberry-jam-recipe","applied","2026-05-30T17:25:07Z"
"PXL_20260523_111129429.RAW-01.COVER.jpg","ball-realfruit-low-or-no-sugar-jam-20260523.jpg","wc-kitchen.ball-realfruit-low-or-no-sugar-jam","applied","2026-05-30T17:25:07Z"
"mideast-lentil.pdf","middle-eastern-lentil-soup-20260530.pdf","wc-kitchen.middle-eastern-lentil-soup","applied","2026-05-30T17:25:07Z"
"moist-chocolate-cake-ap.pdf","moist-chocolate-cake-20260530.pdf","wc-kitchen.moist-chocolate-cake","applied","2026-05-30T17:25:07Z"
